[
    {
        "alias": "aq",
        "armOrientation": "left",
        "coordinate": [
            223.88690185546875,
            200.16209411621094,
            175.50869750976562,
            -185.7064971923828,
            0,
            0
        ],
        "joint": [
            83.13871002197266,
            -82.68192291259766,
            175.50872802734375,
            -186.163330078125,
            0,
            0
        ],
        "load": 0,
        "name": "P1",
        "tool": 0,
        "user": 0
    },
    {
        "alias": "fangzhi",
        "armOrientation": "left",
        "coordinate": [
            271.1044006347656,
            -62.62480163574219,
            75.8363037109375,
            -244.8560028076172,
            0,
            0
        ],
        "joint": [
            32.9171257019043,
            -91.84848022460938,
            75.83633422851562,
            -185.9246826171875,
            0,
            0
        ],
        "load": 0,
        "name": "P2",
        "tool": 0,
        "user": 0
    },
    {
        "alias": "c1",
        "armOrientation": "right",
        "coordinate": [
            259.7940368652344,
            177.0824737548828,
            119.6392822265625,
            -113.28997802734375,
            0,
            0
        ],
        "joint": [
            -3.9059691429138184,
            76.37068939208984,
            119.6392822265625,
            -185.75469970703125,
            0,
            0
        ],
        "load": 0,
        "name": "P3",
        "tool": 0,
        "user": 0
    },
    {
        "alias": "c2",
        "armOrientation": "right",
        "coordinate": [
            262.4678039550781,
            221.31167602539062,
            116.302490234375,
            -114.74150085449219,
            0,
            0
        ],
        "joint": [
            9.263506889343262,
            61.747859954833984,
            116.302490234375,
            -185.75286865234375,
            0,
            0
        ],
        "load": 0,
        "name": "P4",
        "tool": 0,
        "user": 0
    },
    {
        "alias": "c3",
        "armOrientation": "right",
        "coordinate": [
            262.8724365234375,
            268.2672119140625,
            116.16531372070312,
            -120.05060577392578,
            0,
            0
        ],
        "joint": [
            25.462820053100586,
            40.238224029541016,
            116.16531372070312,
            -185.75164794921875,
            0,
            0
        ],
        "load": 0,
        "name": "P5",
        "tool": 0,
        "user": 0
    },
    {
        "alias": "c4",
        "armOrientation": "left",
        "coordinate": [
            261.1912536621094,
            302.9117126464844,
            125.89492797851562,
            -137.2165985107422,
            0,
            0
        ],
        "joint": [
            49.92583084106445,
            -1.3919951915740967,
            125.89492797851562,
            -185.75042724609375,
            0,
            0
        ],
        "load": 0,
        "name": "P6",
        "tool": 0,
        "user": 0
    }
]
